contractSymbol,lastTradeDate,strike,lastPrice,bid,ask,change,percentChange,volume,openInterest,impliedVolatility,inTheMoney,contractSize,currency,Expiration_date
IBIT241220C00030000,2024-11-22 20:58:37+00:00,30.0,26.7,26.6,26.9,0.5700016,2.181407,170.0,624.0,1.3281283593749997,True,REGULAR,USD,2024-12-20
IBIT241220C00036000,2024-11-21 14:34:42+00:00,36.0,19.4,20.7,20.9,0.0,0.0,2.0,5.0,1.0293017285156252,True,REGULAR,USD,2024-12-20
IBIT241220C00037000,2024-11-19 18:49:06+00:00,37.0,17.0,0.0,0.0,0.0,0.0,,,1.0000000000000003e-05,True,REGULAR,USD,2024-12-20
IBIT241220C00038000,2024-11-21 17:45:27+00:00,38.0,18.2,18.7,19.0,0.0,0.0,4.0,10.0,0.956055126953125,True,REGULAR,USD,2024-12-20
IBIT241220C00040000,2024-11-22 20:42:42+00:00,40.0,16.82,16.8,17.0,-0.030000687,-0.17804562,47.0,152.0,0.8808605664062499,True,REGULAR,USD,2024-12-20
IBIT241220C00042000,2024-11-21 15:41:57+00:00,42.0,13.25,14.8,15.1,0.0,0.0,2.0,13.0,0.8037129003906249,True,REGULAR,USD,2024-12-20
IBIT241220C00043000,2024-11-21 14:36:02+00:00,43.0,12.9,13.9,14.1,0.0,0.0,4.0,10.0,0.7749045947265626,True,REGULAR,USD,2024-12-20
IBIT241220C00044000,2024-11-21 14:38:57+00:00,44.0,13.1,12.9,13.2,1.6000004,13.913048,1.0,8.0,0.74414318359375,True,REGULAR,USD,2024-12-20
IBIT241220C00045000,2024-11-22 20:39:45+00:00,45.0,12.02,12.0,12.3,0.32000065,2.7350483,247.0,621.0,0.72851833984375,True,REGULAR,USD,2024-12-20
IBIT241220C00046000,2024-11-22 17:57:20+00:00,46.0,11.21,11.1,11.4,0.21000004,1.9090914,6.0,76.0,0.7084990087890625,True,REGULAR,USD,2024-12-20
IBIT241220C00047000,2024-11-22 19:14:17+00:00,47.0,10.48,10.3,10.5,0.47999954,4.7999954,8.0,106.0,0.6987334814453126,True,REGULAR,USD,2024-12-20
IBIT241220C00048000,2024-11-22 18:23:11+00:00,48.0,9.52,9.4,9.6,0.42000008,4.615385,20.0,90.0,0.6704134521484376,True,REGULAR,USD,2024-12-20
IBIT241220C00049000,2024-11-22 18:48:05+00:00,49.0,8.6,8.6,8.8,0.25,2.9940119,5.0,285.0,0.6626010302734376,True,REGULAR,USD,2024-12-20
IBIT241220C00050000,2024-11-22 20:51:01+00:00,50.0,7.9,7.9,8.0,0.0,0.0,445.0,3809.0,0.6594272338867189,True,REGULAR,USD,2024-12-20
IBIT241220C00051000,2024-11-22 19:14:17+00:00,51.0,7.32,7.1,7.3,0.42000008,6.0869575,19.0,451.0,0.649417568359375,True,REGULAR,USD,2024-12-20
IBIT241220C00052000,2024-11-22 20:33:38+00:00,52.0,6.54,6.4,6.6,0.03999996,0.615384,759.0,2935.0,0.6425816992187501,True,REGULAR,USD,2024-12-20
IBIT241220C00053000,2024-11-22 20:56:38+00:00,53.0,5.9,5.8,6.0,0.099999905,1.7241362,435.0,8318.0,0.647464462890625,True,REGULAR,USD,2024-12-20
IBIT241220C00054000,2024-11-22 20:59:12+00:00,54.0,5.34,5.3,5.4,0.1800003,3.4883783,320.0,7412.0,0.6533237792968751,True,REGULAR,USD,2024-12-20
IBIT241220C00055000,2024-11-22 20:58:57+00:00,55.0,4.8,4.7,4.9,0.10000038,2.1276677,4100.0,10315.0,0.6521030883789063,True,REGULAR,USD,2024-12-20
IBIT241220C00056000,2024-11-22 20:59:24+00:00,56.0,4.31,4.2,4.4,0.11000013,2.619051,769.0,3335.0,0.6525913647460939,True,REGULAR,USD,2024-12-20
IBIT241220C00057000,2024-11-22 20:59:38+00:00,57.0,3.83,3.7,3.9,0.029999971,0.78947294,724.0,4575.0,0.6467320483398438,False,REGULAR,USD,2024-12-20
IBIT241220C00058000,2024-11-22 20:59:13+00:00,58.0,3.4,3.3,3.5,0.0,0.0,993.0,6162.0,0.6508823974609376,False,REGULAR,USD,2024-12-20
IBIT241220C00059000,2024-11-22 20:58:55+00:00,59.0,3.0,3.0,3.1,0.0,0.0,548.0,3773.0,0.6569858520507813,False,REGULAR,USD,2024-12-20
IBIT241220C00060000,2024-11-22 20:59:43+00:00,60.0,2.71,2.65,2.75,0.00999999,0.37037,7604.0,15394.0,0.6577182666015625,False,REGULAR,USD,2024-12-20
IBIT241220C00061000,2024-11-22 20:43:45+00:00,61.0,2.4,2.35,2.45,-0.00999999,-0.41493738,1017.0,5489.0,0.6611362011718751,False,REGULAR,USD,2024-12-20
IBIT241220C00062000,2024-11-22 20:56:24+00:00,62.0,2.11,2.05,2.15,-0.02000022,-0.9389774,908.0,8579.0,0.659183095703125,False,REGULAR,USD,2024-12-20
IBIT241220C00063000,2024-11-22 20:27:59+00:00,63.0,1.86,1.85,1.95,-0.059999943,-3.1249971,152.0,4831.0,0.6699251757812501,False,REGULAR,USD,2024-12-20
IBIT241220C00064000,2024-11-22 20:49:32+00:00,64.0,1.65,1.6,1.7,-0.05000007,-2.9411805,2956.0,2263.0,0.6669955175781253,False,REGULAR,USD,2024-12-20
IBIT241220C00065000,2024-11-22 20:59:01+00:00,65.0,1.45,1.45,1.5,-0.07999992,-5.2287536,11807.0,18887.0,0.6738313867187502,False,REGULAR,USD,2024-12-20
IBIT241220C00066000,2024-11-22 20:06:07+00:00,66.0,1.3,1.25,1.35,-0.0200001,-1.515159,56.0,355.0,0.6765169067382814,False,REGULAR,USD,2024-12-20
IBIT241220C00067000,2024-11-22 20:59:15+00:00,67.0,1.2,1.1,1.2,0.0,0.0,99.0,565.0,0.6806672558593752,False,REGULAR,USD,2024-12-20
IBIT241220C00068000,2024-11-22 20:48:02+00:00,68.0,1.05,1.0,1.1,-0.04000008,-3.669732,883.0,2276.0,0.6921417504882813,False,REGULAR,USD,2024-12-20
IBIT241220C00069000,2024-11-22 20:01:47+00:00,69.0,0.92,0.9,1.0,-0.07999998,-7.999998,200.0,331.0,0.70117486328125,False,REGULAR,USD,2024-12-20
IBIT241220C00070000,2024-11-22 20:57:09+00:00,70.0,0.83,0.8,0.85,-0.100000024,-10.75269,3350.0,6499.0,0.700198310546875,False,REGULAR,USD,2024-12-20
IBIT241220C00075000,2024-11-22 20:55:07+00:00,75.0,0.52,0.5,0.55,-0.04000002,-7.1428614,1918.0,3877.0,0.747072841796875,False,REGULAR,USD,2024-12-20
IBIT241220C00080000,2024-11-22 20:46:12+00:00,80.0,0.4,0.35,0.4,0.030000001,8.1081085,630.0,2979.0,0.8027363476562499,False,REGULAR,USD,2024-12-20
IBIT241220C00085000,2024-11-22 20:17:44+00:00,85.0,0.27,0.25,0.3,0.02000001,8.000004,853.0,638.0,0.851563984375,False,REGULAR,USD,2024-12-20
IBIT241220C00090000,2024-11-22 20:17:44+00:00,90.0,0.23,0.15,0.25,0.030000001,15.000001,289.0,472.0,0.8906260937499999,False,REGULAR,USD,2024-12-20
IBIT241220C00095000,2024-11-22 20:30:20+00:00,95.0,0.2,0.15,0.2,0.040000007,25.000006,24.0,443.0,0.9511723632812499,False,REGULAR,USD,2024-12-20
IBIT241220C00100000,2024-11-22 20:59:24+00:00,100.0,0.13,0.1,0.15,0.009999998,8.333332,3220.0,12381.0,0.97460962890625,False,REGULAR,USD,2024-12-20
IBIT250117C00030000,2024-11-22 20:35:54+00:00,30.0,27.18,27.0,27.3,0.7200012,2.7210932,198.0,157.0,1.1494183154296875,True,REGULAR,USD,2025-01-17
IBIT250117C00031000,2024-11-21 14:42:49+00:00,31.0,25.0,26.0,26.3,0.0,0.0,1.0,1.0,1.0996138769531252,True,REGULAR,USD,2025-01-17
IBIT250117C00035000,2024-11-21 18:23:28+00:00,35.0,21.9,0.0,0.0,1.7999992,8.95522,,,1.0000000000000003e-05,True,REGULAR,USD,2025-01-17
IBIT250117C00038000,2024-11-20 14:37:05+00:00,38.0,16.2,0.0,0.0,0.0,0.0,,,1.0000000000000003e-05,True,REGULAR,USD,2025-01-17
IBIT250117C00039000,2024-11-19 15:38:41+00:00,39.0,14.75,18.3,18.6,0.0,0.0,1.0,1.0,0.8300798242187499,True,REGULAR,USD,2025-01-17
IBIT250117C00040000,2024-11-22 20:51:59+00:00,40.0,17.6,17.4,17.8,0.10000038,0.57143074,1204.0,984.0,0.8242205078124999,True,REGULAR,USD,2025-01-17
IBIT250117C00041000,2024-11-22 16:49:43+00:00,41.0,16.67,16.5,16.8,0.17000008,1.0303035,8.0,2.0,0.7922384057617188,True,REGULAR,USD,2025-01-17
IBIT250117C00042000,2024-11-22 14:30:24+00:00,42.0,15.2,15.6,15.9,0.5,3.4013608,4.0,6.0,0.7709983837890625,True,REGULAR,USD,2025-01-17
IBIT250117C00043000,2024-11-21 14:33:03+00:00,43.0,14.02,14.8,15.0,0.0,0.0,2.0,18.0,0.7578149218750001,True,REGULAR,USD,2025-01-17
IBIT250117C00044000,2024-11-21 19:20:04+00:00,44.0,14.0,13.9,14.2,0.0,0.0,17.0,17.0,0.7426783544921874,True,REGULAR,USD,2025-01-17
IBIT250117C00045000,2024-11-22 20:43:30+00:00,45.0,13.2,13.1,13.3,0.15999985,1.2269927,181.0,464.0,0.7251004052734374,True,REGULAR,USD,2025-01-17
IBIT250117C00046000,2024-11-22 20:59:38+00:00,46.0,12.34,12.3,12.5,0.44000053,3.6974835,3088.0,114.0,0.7138700488281251,True,REGULAR,USD,2025-01-17
IBIT250117C00047000,2024-11-22 20:09:46+00:00,47.0,11.69,11.5,11.8,0.0899992,0.7758551,529.0,118.0,0.708010732421875,True,REGULAR,USD,2025-01-17
IBIT250117C00048000,2024-11-22 20:20:05+00:00,48.0,11.0,10.8,11.0,-0.10000038,-0.9009043,632.0,165.0,0.6984893432617189,True,REGULAR,USD,2025-01-17
IBIT250117C00049000,2024-11-22 20:10:18+00:00,49.0,10.2,10.1,10.3,0.3000002,3.030305,558.0,188.0,0.69336244140625,True,REGULAR,USD,2025-01-17
IBIT250117C00050000,2024-11-22 20:59:29+00:00,50.0,9.57,9.5,9.6,0.13999939,1.484617,1335.0,3702.0,0.6916534741210938,True,REGULAR,USD,2025-01-17
IBIT250117C00051000,2024-11-22 20:42:14+00:00,51.0,8.9,8.8,9.0,0.0,0.0,1230.0,1699.0,0.6862824340820313,True,REGULAR,USD,2025-01-17
IBIT250117C00052000,2024-11-22 20:56:15+00:00,52.0,8.3,8.2,8.4,0.25,3.1055899,755.0,1877.0,0.6843293286132813,True,REGULAR,USD,2025-01-17
IBIT250117C00053000,2024-11-22 20:52:53+00:00,53.0,7.68,7.6,7.8,0.0,0.0,1408.0,13428.0,0.6787141503906251,True,REGULAR,USD,2025-01-17
IBIT250117C00054000,2024-11-22 20:16:57+00:00,54.0,7.2,7.0,7.3,0.099999905,1.4084494,288.0,2584.0,0.6762727685546877,True,REGULAR,USD,2025-01-17
IBIT250117C00055000,2024-11-22 20:59:24+00:00,55.0,6.7,6.6,6.7,0.0,0.0,12737.0,66687.0,0.6765169067382814,True,REGULAR,USD,2025-01-17
IBIT250117C00056000,2024-11-22 20:48:41+00:00,56.0,6.1,6.1,6.3,-0.119999886,-1.9292587,2548.0,3064.0,0.6792024267578126,True,REGULAR,USD,2025-01-17
IBIT250117C00057000,2024-11-22 20:59:21+00:00,57.0,5.69,5.6,5.8,-0.009999752,-0.17543426,1877.0,5696.0,0.673098972167969,False,REGULAR,USD,2025-01-17
IBIT250117C00058000,2024-11-22 20:57:39+00:00,58.0,5.31,5.2,5.4,0.009999752,0.18867455,247.0,842.0,0.6755403540039064,False,REGULAR,USD,2025-01-17
IBIT250117C00059000,2024-11-22 20:48:52+00:00,59.0,4.9,4.8,5.0,0.0,0.0,360.0,1938.0,0.6750520776367189,False,REGULAR,USD,2025-01-17
IBIT250117C00060000,2024-11-22 20:52:53+00:00,60.0,4.54,4.5,4.6,-0.119999886,-2.575105,5955.0,14379.0,0.6774934594726563,False,REGULAR,USD,2025-01-17
IBIT250117C00061000,2024-11-22 20:50:49+00:00,61.0,4.17,4.1,4.3,-0.13000011,-3.0232584,215.0,1057.0,0.6772493212890626,False,REGULAR,USD,2025-01-17
IBIT250117C00062000,2024-11-22 20:27:36+00:00,62.0,4.0,3.8,4.0,0.059999943,1.5228412,190.0,10242.0,0.6801789794921876,False,REGULAR,USD,2025-01-17
IBIT250117C00063000,2024-11-22 20:49:35+00:00,63.0,3.6,3.5,3.7,-0.10000014,-2.7027066,83.0,806.0,0.6806672558593752,False,REGULAR,USD,2025-01-17
IBIT250117C00064000,2024-11-22 20:34:21+00:00,64.0,3.36,3.3,3.5,-0.08000016,-2.325586,321.0,444.0,0.6906769213867189,False,REGULAR,USD,2025-01-17
IBIT250117C00065000,2024-11-22 20:55:51+00:00,65.0,3.15,3.1,3.2,-0.03999996,-1.2539172,648.0,2823.0,0.6926300268554688,False,REGULAR,USD,2025-01-17
IBIT250117C00066000,2024-11-22 17:34:18+00:00,66.0,2.95,2.85,3.0,0.049999952,1.7241362,29.0,114.0,0.6953155468750001,False,REGULAR,USD,2025-01-17
IBIT250117C00067000,2024-11-22 20:43:04+00:00,67.0,2.71,2.7,2.8,0.00999999,0.37037,155.0,5037.0,0.7026396923828125,False,REGULAR,USD,2025-01-17
IBIT250117C00068000,2024-11-22 20:08:18+00:00,68.0,2.55,2.45,2.6,0.06999993,2.822578,305.0,229.0,0.7014190014648438,False,REGULAR,USD,2025-01-17
IBIT250117C00069000,2024-11-22 20:44:43+00:00,69.0,2.3,2.3,2.45,0.0,0.0,425.0,194.0,0.7082548706054688,False,REGULAR,USD,2025-01-17
IBIT250117C00070000,2024-11-22 20:58:49+00:00,70.0,2.22,2.15,2.25,-0.029999971,-1.3333321,2080.0,7446.0,0.709963837890625,False,REGULAR,USD,2025-01-17
IBIT250117C00075000,2024-11-22 20:59:21+00:00,75.0,1.6,1.6,1.65,-0.03999996,-2.439022,872.0,1201.0,0.7392604199218749,False,REGULAR,USD,2025-01-17
IBIT250117C00080000,2024-11-22 20:59:21+00:00,80.0,1.2,1.2,1.3,-0.01999998,-1.6393427,2365.0,5480.0,0.7717307983398438,False,REGULAR,USD,2025-01-17
IBIT250117C00085000,2024-11-22 18:49:12+00:00,85.0,1.0,0.95,1.05,0.029999971,3.0927806,432.0,210.0,0.8061542822265625,False,REGULAR,USD,2025-01-17
IBIT250117C00090000,2024-11-22 20:10:08+00:00,90.0,0.8,0.75,0.85,0.04000002,5.2631607,598.0,1016.0,0.8339860351562498,False,REGULAR,USD,2025-01-17
IBIT250117C00095000,2024-11-22 20:16:19+00:00,95.0,0.65,0.65,0.75,0.0,0.0,26.0,189.0,0.87500125,False,REGULAR,USD,2025-01-17
IBIT250117C00100000,2024-11-22 20:58:42+00:00,100.0,0.58,0.55,0.65,0.029999971,5.4545403,3115.0,4724.0,0.9062509375,False,REGULAR,USD,2025-01-17
IBIT250221C00030000,2024-11-21 17:29:05+00:00,30.0,26.95,0.0,0.0,1.6500015,6.521745,,,1.0000000000000003e-05,True,REGULAR,USD,2025-02-21
IBIT250221C00036000,2024-11-19 15:28:56+00:00,36.0,17.7,21.8,22.2,0.0,0.0,15.0,15.0,0.8725598681640624,True,REGULAR,USD,2025-02-21
IBIT250221C00038000,2024-11-19 19:57:25+00:00,38.0,18.0,0.0,0.0,0.0,0.0,,,1.0000000000000003e-05,True,REGULAR,USD,2025-02-21
IBIT250221C00039000,2024-11-19 20:08:15+00:00,39.0,17.1,0.0,0.0,0.0,0.0,,,1.0000000000000003e-05,True,REGULAR,USD,2025-02-21
IBIT250221C00040000,2024-11-22 20:59:06+00:00,40.0,18.59,18.3,18.6,0.3899994,2.1428537,2953.0,257.0,0.7919942675781251,True,REGULAR,USD,2025-02-21
IBIT250221C00041000,2024-11-19 19:35:35+00:00,41.0,15.39,0.0,0.0,0.0,0.0,,,1.0000000000000003e-05,True,REGULAR,USD,2025-02-21
IBIT250221C00043000,2024-11-20 19:26:18+00:00,43.0,13.5,15.9,16.2,0.0,0.0,12.0,21.0,0.7597680273437502,True,REGULAR,USD,2025-02-21
IBIT250221C00044000,2024-11-21 14:44:01+00:00,44.0,14.74,0.0,0.0,1.2299995,9.104363,,,1.0000000000000003e-05,True,REGULAR,USD,2025-02-21
IBIT250221C00045000,2024-11-22 20:35:04+00:00,45.0,14.58,14.4,14.8,0.07999992,0.5517236,184.0,341.0,0.7490259472656251,True,REGULAR,USD,2025-02-21
IBIT250221C00046000,2024-11-22 14:50:37+00:00,46.0,13.3,13.7,14.0,-0.09999943,-0.7462644,4.0,14.0,0.7375514526367187,True,REGULAR,USD,2025-02-21
IBIT250221C00047000,2024-11-22 18:43:35+00:00,47.0,13.1,13.0,13.3,-0.009999275,-0.07627212,3.0,18.0,0.7302273071289063,True,REGULAR,USD,2025-02-21
IBIT250221C00048000,2024-11-22 17:37:41+00:00,48.0,12.6,12.4,12.7,1.5,13.513513,29.0,84.0,0.7319362744140624,True,REGULAR,USD,2025-02-21
IBIT250221C00049000,2024-11-22 15:30:03+00:00,49.0,11.86,11.7,12.0,0.35999966,3.130432,1.0,58.0,0.72070591796875,True,REGULAR,USD,2025-02-21
IBIT250221C00050000,2024-11-22 20:12:56+00:00,50.0,11.3,11.1,11.4,0.32999992,3.0082035,374.0,1936.0,0.7180203979492188,True,REGULAR,USD,2025-02-21
IBIT250221C00051000,2024-11-22 20:01:44+00:00,51.0,10.7,10.6,10.8,0.09999943,0.94339085,109.0,586.0,0.7182645361328125,True,REGULAR,USD,2025-02-21
IBIT250221C00052000,2024-11-22 20:28:39+00:00,52.0,10.16,10.0,10.3,0.15999985,1.5999984,975.0,922.0,0.7165555688476561,True,REGULAR,USD,2025-02-21
IBIT250221C00053000,2024-11-22 20:51:48+00:00,53.0,9.54,9.4,9.7,0.03999996,0.42105225,38.0,611.0,0.708010732421875,True,REGULAR,USD,2025-02-21
IBIT250221C00054000,2024-11-22 20:42:23+00:00,54.0,9.1,8.9,9.2,0.010000229,0.110013515,1755.0,5604.0,0.7071562487792968,True,REGULAR,USD,2025-02-21
IBIT250221C00055000,2024-11-22 20:57:34+00:00,55.0,8.53,8.6,8.8,-0.06000042,-0.69849145,3416.0,21286.0,0.7182645361328125,True,REGULAR,USD,2025-02-21
IBIT250221C00056000,2024-11-22 20:46:13+00:00,56.0,8.1,8.1,8.3,0.10000038,1.2500048,344.0,1113.0,0.7135038415527344,True,REGULAR,USD,2025-02-21
IBIT250221C00057000,2024-11-22 20:48:44+00:00,57.0,7.74,7.7,7.9,-0.06000042,-0.76923615,542.0,6213.0,0.7160672924804687,False,REGULAR,USD,2025-02-21
IBIT250221C00058000,2024-11-22 20:59:33+00:00,58.0,7.31,7.3,7.5,-0.24000025,-3.178811,2290.0,265.0,0.7170438452148438,False,REGULAR,USD,2025-02-21
IBIT250221C00059000,2024-11-22 19:41:02+00:00,59.0,7.05,6.9,7.1,0.05000019,0.7142884,130.0,786.0,0.7161893615722656,False,REGULAR,USD,2025-02-21
IBIT250221C00060000,2024-11-22 20:54:15+00:00,60.0,6.66,6.6,6.7,0.119999886,1.8348607,1606.0,7589.0,0.7182645361328125,False,REGULAR,USD,2025-02-21
IBIT250221C00061000,2024-11-22 20:57:27+00:00,61.0,6.26,6.2,6.4,0.0800004,1.294505,40.0,1464.0,0.7187528125,False,REGULAR,USD,2025-02-21
IBIT250221C00062000,2024-11-22 18:37:09+00:00,62.0,5.97,5.9,6.1,0.1699996,2.9310274,20.0,1139.0,0.7221707470703125,False,REGULAR,USD,2025-02-21
IBIT250221C00063000,2024-11-22 19:50:52+00:00,63.0,5.63,5.6,5.8,0.13000011,2.3636384,16.0,1158.0,0.7241238525390624,False,REGULAR,USD,2025-02-21
IBIT250221C00064000,2024-11-22 20:20:24+00:00,64.0,5.33,5.3,5.5,0.07999992,1.5238081,50.0,965.0,0.7248562670898437,False,REGULAR,USD,2025-02-21
IBIT250221C00065000,2024-11-22 20:58:10+00:00,65.0,5.17,5.1,5.2,0.01999998,0.38834912,1077.0,15630.0,0.7286404089355469,False,REGULAR,USD,2025-02-21
IBIT250221C00066000,2024-11-22 17:43:48+00:00,66.0,4.8,4.8,5.0,-0.2999997,-5.8823476,538.0,397.0,0.7312038598632812,False,REGULAR,USD,2025-02-21
IBIT250221C00067000,2024-11-21 20:58:07+00:00,67.0,4.5,0.0,0.0,0.70000005,18.421055,,,0.062509375,False,REGULAR,USD,2025-02-21
IBIT250221C00068000,2024-11-21 20:49:44+00:00,68.0,4.5,0.0,0.0,0.79999995,21.62162,,,0.062509375,False,REGULAR,USD,2025-02-21
IBIT250221C00069000,2024-11-22 20:00:27+00:00,69.0,4.21,4.2,4.3,0.07000017,1.6908255,15.0,623.0,0.7412135253906249,False,REGULAR,USD,2025-02-21
IBIT250221C00070000,2024-11-22 20:58:20+00:00,70.0,4.0,3.9,4.1,0.0,0.0,1502.0,6153.0,0.7390162817382812,False,REGULAR,USD,2025-02-21
IBIT250221C00075000,2024-11-22 19:58:54+00:00,75.0,3.23,3.1,3.3,-0.06999993,-2.12121,147.0,479.0,0.7575707836914063,False,REGULAR,USD,2025-02-21
IBIT250221C00080000,2024-11-22 19:56:26+00:00,80.0,2.52,2.5,2.65,-0.07999992,-3.0769203,143.0,1223.0,0.7736839038085939,False,REGULAR,USD,2025-02-21
IBIT250221C00085000,2024-11-22 20:52:50+00:00,85.0,2.1,2.05,2.2,-0.10000014,-4.545461,412.0,279.0,0.7932149584960937,False,REGULAR,USD,2025-02-21
IBIT250221C00090000,2024-11-22 20:54:23+00:00,90.0,1.75,1.7,1.8,0.01999998,1.1560682,68.0,54.0,0.8083515258789062,False,REGULAR,USD,2025-02-21
IBIT250221C00095000,2024-11-22 20:47:19+00:00,95.0,1.5,1.45,1.55,-0.049999952,-3.2258034,15.0,215.0,0.8300798242187499,False,REGULAR,USD,2025-02-21
IBIT250221C00100000,2024-11-22 20:57:53+00:00,100.0,1.3,1.25,1.3,0.0,0.0,2564.0,6365.0,0.8461929443359374,False,REGULAR,USD,2025-02-21
IBIT250516C00030000,2024-11-22 20:41:39+00:00,30.0,28.73,28.5,29.1,0.020000458,0.06966374,261.0,1541.0,0.9448247705078124,True,REGULAR,USD,2025-05-16
IBIT250516C00031000,2024-11-21 19:11:51+00:00,31.0,27.7,27.7,28.2,0.0,0.0,130.0,129.0,0.9282233740234375,True,REGULAR,USD,2025-05-16
IBIT250516C00032000,2024-11-21 19:10:20+00:00,32.0,27.2,26.8,27.4,0.0,0.0,40.0,40.0,0.911133701171875,True,REGULAR,USD,2025-05-16
IBIT250516C00033000,2024-11-20 20:33:58+00:00,33.0,26.3,26.0,26.7,1.6999989,6.910564,4.0,26.0,0.9062509375,True,REGULAR,USD,2025-05-16
IBIT250516C00034000,2024-11-22 17:50:10+00:00,34.0,26.6,25.3,25.8,5.300001,24.882635,1.0,5.0,0.8940440283203124,True,REGULAR,USD,2025-05-16
IBIT250516C00035000,2024-11-22 18:32:05+00:00,35.0,24.45,24.5,25.1,-0.37999916,-1.5304034,39.0,162.0,0.8867198828124999,True,REGULAR,USD,2025-05-16
IBIT250516C00036000,2024-11-22 17:34:19+00:00,36.0,24.0,23.7,24.3,0.39999962,1.6949136,339.0,50.0,0.8728040063476561,True,REGULAR,USD,2025-05-16
IBIT250516C00037000,2024-11-21 15:10:43+00:00,37.0,22.4,22.9,23.4,0.0,0.0,6.0,7.0,0.8527846752929689,True,REGULAR,USD,2025-05-16
IBIT250516C00039000,2024-11-20 19:27:38+00:00,39.0,19.7,0.0,0.0,0.0,0.0,,,1.0000000000000003e-05,True,REGULAR,USD,2025-05-16
IBIT250516C00040000,2024-11-22 20:48:52+00:00,40.0,21.0,20.8,21.1,0.0,0.0,59.0,584.0,0.825929475097656,True,REGULAR,USD,2025-05-16
IBIT250516C00041000,2024-11-22 19:43:26+00:00,41.0,20.35,20.0,20.7,1.75,9.408602,5.0,12.0,0.8273943041992187,True,REGULAR,USD,2025-05-16
IBIT250516C00043000,2024-11-22 17:24:30+00:00,43.0,19.17,18.7,19.3,2.67,16.18182,4.0,3.0,0.8129901513671874,True,REGULAR,USD,2025-05-16
IBIT250516C00044000,2024-11-22 18:48:11+00:00,44.0,18.4,18.1,18.6,0.69999886,3.9547958,4.0,5.0,0.8065204895019531,True,REGULAR,USD,2025-05-16
IBIT250516C00045000,2024-11-22 20:42:52+00:00,45.0,17.7,17.4,17.9,0.30000114,1.7241446,84.0,306.0,0.7950459948730468,True,REGULAR,USD,2025-05-16
IBIT250516C00046000,2024-11-20 20:56:44+00:00,46.0,15.5,0.0,0.0,0.0,0.0,,,1.0000000000000003e-05,True,REGULAR,USD,2025-05-16
IBIT250516C00047000,2024-11-22 17:24:30+00:00,47.0,16.72,16.3,16.8,0.01999855,0.119751796,7.0,76.0,0.7934590966796875,True,REGULAR,USD,2025-05-16
IBIT250516C00048000,2024-11-22 19:08:24+00:00,48.0,16.07,15.8,16.2,-0.22999954,-1.4110402,502.0,104.0,0.7907735766601562,True,REGULAR,USD,2025-05-16
IBIT250516C00049000,2024-11-22 14:44:37+00:00,49.0,15.55,15.2,15.7,-0.14999962,-0.9554116,5.0,286.0,0.7873556420898438,True,REGULAR,USD,2025-05-16
IBIT250516C00050000,2024-11-22 20:54:40+00:00,50.0,14.98,14.7,15.2,0.07999992,0.53691226,185.0,1288.0,0.7863790893554687,True,REGULAR,USD,2025-05-16
IBIT250516C00051000,2024-11-22 18:31:35+00:00,51.0,14.4,14.2,14.7,0.29999924,2.127654,3.0,223.0,0.7845480529785156,True,REGULAR,USD,2025-05-16
IBIT250516C00052000,2024-11-22 20:48:13+00:00,52.0,13.85,13.7,14.2,-0.14999962,-1.0714258,71.0,663.0,0.7817404638671875,True,REGULAR,USD,2025-05-16
IBIT250516C00053000,2024-11-22 19:28:41+00:00,53.0,13.4,13.3,13.7,-0.4800005,-3.4582167,194.0,1197.0,0.7814963256835938,True,REGULAR,USD,2025-05-16
IBIT250516C00054000,2024-11-22 20:17:39+00:00,54.0,13.2,12.8,13.3,-0.10000038,-0.75188255,34.0,1023.0,0.780275634765625,True,REGULAR,USD,2025-05-16
IBIT250516C00055000,2024-11-22 20:57:37+00:00,55.0,12.5,12.6,12.8,-0.3000002,-2.3437514,3123.0,8365.0,0.7849142602539063,True,REGULAR,USD,2025-05-16
IBIT250516C00056000,2024-11-22 20:39:09+00:00,56.0,12.1,11.9,12.4,-0.34999943,-2.8112404,371.0,690.0,0.7752708020019532,True,REGULAR,USD,2025-05-16
IBIT250516C00057000,2024-11-22 20:40:35+00:00,57.0,11.78,11.5,12.0,-0.40999985,-3.3634114,156.0,270.0,0.7749045947265626,False,REGULAR,USD,2025-05-16
IBIT250516C00058000,2024-11-22 20:30:19+00:00,58.0,11.44,11.3,11.7,-0.22000027,-1.8867947,30.0,317.0,0.7835715002441408,False,REGULAR,USD,2025-05-16
IBIT250516C00059000,2024-11-22 20:09:17+00:00,59.0,11.3,10.8,11.3,-0.19999981,-1.7391288,7.0,97.0,0.778200460205078,False,REGULAR,USD,2025-05-16
IBIT250516C00060000,2024-11-22 20:59:47+00:00,60.0,10.65,10.6,11.0,-0.2800007,-2.5617628,1531.0,3440.0,0.7851583984375,False,REGULAR,USD,2025-05-16
IBIT250516C00061000,2024-11-22 20:17:52+00:00,61.0,10.4,10.2,10.6,-0.24000072,-2.2556458,331.0,240.0,0.7816183947753907,False,REGULAR,USD,2025-05-16
IBIT250516C00062000,2024-11-22 20:05:30+00:00,62.0,10.0,9.8,10.3,-0.3000002,-2.9126232,101.0,241.0,0.7806418420410157,False,REGULAR,USD,2025-05-16
IBIT250516C00063000,2024-11-22 20:40:27+00:00,63.0,9.6,9.5,10.0,-0.2699995,-2.7355573,64.0,175.0,0.782228740234375,False,REGULAR,USD,2025-05-16
IBIT250516C00064000,2024-11-22 20:42:08+00:00,64.0,9.4,9.2,9.7,-0.32999992,-3.3915718,41.0,378.0,0.7830832238769532,False,REGULAR,USD,2025-05-16
IBIT250516C00065000,2024-11-22 20:57:40+00:00,65.0,9.2,9.0,9.2,-0.15999985,-1.7094002,212.0,562.0,0.7800314965820312,False,REGULAR,USD,2025-05-16
IBIT250516C00066000,2024-11-22 20:54:40+00:00,66.0,8.8,8.8,9.1,-0.3000002,-3.2967052,107.0,77.0,0.7891866784667969,False,REGULAR,USD,2025-05-16
IBIT250516C00067000,2024-11-22 20:39:52+00:00,67.0,8.5,8.4,8.9,-0.26000023,-2.968039,49.0,138.0,0.7882101257324219,False,REGULAR,USD,2025-05-16
IBIT250516C00068000,2024-11-22 17:31:54+00:00,68.0,8.4,8.2,8.6,-0.14000034,-1.6393483,10.0,13.0,0.7897970239257812,False,REGULAR,USD,2025-05-16
IBIT250516C00069000,2024-11-22 20:41:46+00:00,69.0,8.1,7.9,8.4,-0.21000004,-2.5270762,54.0,157.0,0.7907735766601562,False,REGULAR,USD,2025-05-16
IBIT250516C00070000,2024-11-22 20:57:28+00:00,70.0,7.85,7.7,8.0,0.0,0.0,1063.0,5928.0,0.7879659875488281,False,REGULAR,USD,2025-05-16
IBIT250516C00075000,2024-11-22 20:26:15+00:00,75.0,6.94,6.8,7.0,0.09000015,1.3138709,2372.0,777.0,0.8021260021972656,False,REGULAR,USD,2025-05-16
IBIT250516C00080000,2024-11-22 20:25:57+00:00,80.0,6.0,6.0,6.2,-0.19000006,-3.0694678,224.0,785.0,0.8153094641113281,False,REGULAR,USD,2025-05-16
IBIT250516C00085000,2024-11-22 20:40:35+00:00,85.0,5.39,5.2,5.6,-0.010000229,-0.18518943,2349.0,534.0,0.8260515441894529,False,REGULAR,USD,2025-05-16
IBIT250516C00090000,2024-11-22 19:41:15+00:00,90.0,4.85,4.7,5.0,-0.05000019,-1.0204121,114.0,1497.0,0.8394791442871092,False,REGULAR,USD,2025-05-16
IBIT250516C00095000,2024-11-22 20:17:45+00:00,95.0,4.36,4.2,4.5,-0.03999996,-0.90909004,26.0,142.0,0.8500991552734375,False,REGULAR,USD,2025-05-16
IBIT250516C00100000,2024-11-22 20:59:02+00:00,100.0,4.0,3.8,4.1,0.0,0.0,1861.0,5455.0,0.862428133544922,False,REGULAR,USD,2025-05-16
IBIT260116C00030000,2024-11-22 20:46:47+00:00,30.0,33.13,33.0,33.4,0.33000183,1.0061032,1014.0,2257.0,0.9760744580078126,True,REGULAR,USD,2026-01-16
IBIT260116C00031000,2024-11-22 19:38:34+00:00,31.0,32.65,31.4,33.3,1.1500015,3.6507986,16.0,21.0,0.9516606396484374,True,REGULAR,USD,2026-01-16
IBIT260116C00032000,2024-11-21 14:49:46+00:00,32.0,30.0,30.7,33.0,0.0,0.0,4.0,5.0,0.9533696069335937,True,REGULAR,USD,2026-01-16
IBIT260116C00035000,2024-11-22 20:56:33+00:00,35.0,29.77,29.4,30.3,-0.07999992,-0.26800644,84.0,61.0,0.9200447448730469,True,REGULAR,USD,2026-01-16
IBIT260116C00036000,2024-11-20 16:19:23+00:00,36.0,27.5,0.0,0.0,0.0,0.0,,,1.0000000000000003e-05,True,REGULAR,USD,2026-01-16
IBIT260116C00037000,2024-11-21 14:46:48+00:00,37.0,27.43,0.0,0.0,1.9300003,7.568629,,,1.0000000000000003e-05,True,REGULAR,USD,2026-01-16
IBIT260116C00040000,2024-11-22 20:24:43+00:00,40.0,27.3,26.9,27.5,0.32999992,1.2235814,559.0,4561.0,0.9021005883789062,True,REGULAR,USD,2026-01-16
IBIT260116C00041000,2024-11-22 20:58:58+00:00,41.0,26.8,25.6,26.8,-0.35000038,-1.2891358,8.0,4.0,0.870118486328125,True,REGULAR,USD,2026-01-16
IBIT260116C00042000,2024-11-22 15:38:02+00:00,42.0,26.4,25.6,26.5,0.69999886,2.7237308,3.0,180.0,0.8867198828124999,True,REGULAR,USD,2026-01-16
IBIT260116C00043000,2024-11-21 17:31:16+00:00,43.0,25.61,24.9,26.2,0.6500015,2.604173,3.0,13.0,0.8829357409667968,True,REGULAR,USD,2026-01-16
IBIT260116C00044000,2024-11-22 20:09:24+00:00,44.0,25.36,24.4,25.5,0.26000023,1.0358574,15.0,26.0,0.8731702136230468,True,REGULAR,USD,2026-01-16
IBIT260116C00045000,2024-11-22 20:59:30+00:00,45.0,24.9,24.6,25.3,0.39999962,1.6326514,18.0,209.0,0.8953867883300779,True,REGULAR,USD,2026-01-16
IBIT260116C00047000,2024-11-22 15:56:11+00:00,47.0,25.2,23.1,24.3,3.5,16.129032,3.0,2.0,0.8715833154296875,True,REGULAR,USD,2026-01-16
IBIT260116C00048000,2024-11-22 18:42:02+00:00,48.0,23.21,22.9,23.7,1.8099995,8.457942,40.0,140.0,0.8710950390625,True,REGULAR,USD,2026-01-16
IBIT260116C00049000,2024-11-19 19:02:40+00:00,49.0,20.5,0.0,0.0,0.0,0.0,,,1.0000000000000003e-05,True,REGULAR,USD,2026-01-16
IBIT260116C00050000,2024-11-22 20:56:28+00:00,50.0,22.6,22.1,22.9,0.10000038,0.44444615,234.0,2561.0,0.8687146917724609,True,REGULAR,USD,2026-01-16
IBIT260116C00051000,2024-11-22 18:31:04+00:00,51.0,21.92,21.5,22.6,-0.07999992,-0.36363602,104.0,396.0,0.8645643426513672,True,REGULAR,USD,2026-01-16
IBIT260116C00052000,2024-11-22 18:52:08+00:00,52.0,21.55,20.9,22.0,-0.15000153,-0.6912512,46.0,1653.0,0.8529067443847658,True,REGULAR,USD,2026-01-16
IBIT260116C00053000,2024-11-22 20:46:28+00:00,53.0,21.7,20.9,21.9,0.40999985,1.925786,66.0,868.0,0.8673108972167969,True,REGULAR,USD,2026-01-16
IBIT260116C00054000,2024-11-22 20:30:02+00:00,54.0,21.12,20.5,21.4,0.22000122,1.0526373,123.0,1215.0,0.8622450299072266,True,REGULAR,USD,2026-01-16
IBIT260116C00055000,2024-11-22 20:39:49+00:00,55.0,20.4,20.2,20.9,-0.10000038,-0.48780674,175.0,891.0,0.8592543371582031,True,REGULAR,USD,2026-01-16
IBIT260116C00056000,2024-11-22 20:54:19+00:00,56.0,20.15,19.8,20.5,-0.14999962,-0.73891443,213.0,92.0,0.8559584716796875,True,REGULAR,USD,2026-01-16
IBIT260116C00057000,2024-11-22 20:56:28+00:00,57.0,19.9,19.5,20.3,-0.25,-1.2406948,42.0,317.0,0.85937640625,False,REGULAR,USD,2026-01-16
IBIT260116C00058000,2024-11-22 20:51:57+00:00,58.0,19.9,19.1,20.0,0.54999924,2.8423731,7.0,97.0,0.8577895080566407,False,REGULAR,USD,2026-01-16
IBIT260116C00059000,2024-11-22 20:23:36+00:00,59.0,19.36,18.8,19.8,1.0200005,5.5616164,28.0,57.0,0.8604750280761719,False,REGULAR,USD,2026-01-16
IBIT260116C00060000,2024-11-22 20:46:43+00:00,60.0,19.0,18.5,19.1,0.4699993,2.5364237,673.0,2888.0,0.851563984375,False,REGULAR,USD,2026-01-16
IBIT260116C00061000,2024-11-22 19:12:18+00:00,61.0,18.8,18.2,18.6,0.79999924,4.44444,19.0,59.0,0.8470474279785156,False,REGULAR,USD,2026-01-16
IBIT260116C00062000,2024-11-22 15:24:58+00:00,62.0,18.52,17.8,18.7,2.2200012,13.61964,1.0,7.0,0.8532729516601563,False,REGULAR,USD,2026-01-16
IBIT260116C00063000,2024-11-22 20:31:45+00:00,63.0,18.03,17.5,18.3,1.9300003,11.987579,3.0,35.0,0.8504653625488281,False,REGULAR,USD,2026-01-16
IBIT260116C00064000,2024-11-21 16:50:42+00:00,64.0,16.9,17.3,18.1,0.0,0.0,2.0,11.0,0.8539443316650392,False,REGULAR,USD,2026-01-16
IBIT260116C00065000,2024-11-22 19:06:34+00:00,65.0,17.66,17.1,18.0,0.26000023,1.4942542,92.0,837.0,0.8592543371582031,False,REGULAR,USD,2026-01-16
IBIT260116C00066000,2024-11-22 20:48:59+00:00,66.0,17.5,16.8,17.7,2.1000004,13.636367,17.0,7.0,0.8578505426025391,False,REGULAR,USD,2026-01-16
IBIT260116C00067000,2024-11-20 16:36:36+00:00,67.0,15.1,0.0,0.0,0.0,0.0,,,0.0312596875,False,REGULAR,USD,2026-01-16
IBIT260116C00068000,2024-11-21 20:55:54+00:00,68.0,16.48,16.4,17.3,0.12999916,0.7951018,6.0,21.0,0.8629164099121094,False,REGULAR,USD,2026-01-16
IBIT260116C00069000,2024-11-22 16:26:05+00:00,69.0,16.7,16.3,17.3,0.5799999,3.5980144,1.0,36.0,0.871522280883789,False,REGULAR,USD,2026-01-16
IBIT260116C00070000,2024-11-22 20:58:36+00:00,70.0,16.42,16.1,16.6,0.3199997,1.9875758,134.0,657.0,0.8627943408203125,False,REGULAR,USD,2026-01-16
IBIT260116C00075000,2024-11-22 20:47:54+00:00,75.0,15.26,15.0,15.4,0.25,1.6655562,182.0,645.0,0.8632826171875,False,REGULAR,USD,2026-01-16
IBIT260116C00080000,2024-11-22 20:29:38+00:00,80.0,14.5,13.5,14.6,0.65999985,4.768785,314.0,851.0,0.8592543371582031,False,REGULAR,USD,2026-01-16
IBIT260116C00085000,2024-11-22 20:17:06+00:00,85.0,13.25,12.6,14.4,0.13000011,0.99085456,13.0,161.0,0.8761609063720703,False,REGULAR,USD,2026-01-16
IBIT260116C00090000,2024-11-22 20:52:29+00:00,90.0,12.7,12.0,12.7,0.34999943,2.8340034,123.0,960.0,0.8647474462890624,False,REGULAR,USD,2026-01-16
IBIT260116C00095000,2024-11-22 19:41:02+00:00,95.0,11.5,11.4,12.3,-0.3000002,-2.5423744,37.0,225.0,0.8771984936523438,False,REGULAR,USD,2026-01-16
IBIT260116C00100000,2024-11-22 20:59:37+00:00,100.0,11.3,11.0,11.3,0.57000065,5.3122153,4377.0,11886.0,0.8786022882080078,False,REGULAR,USD,2026-01-16
IBIT270115C00030000,2024-11-22 20:59:55+00:00,30.0,37.7,37.7,38.0,0.17000198,0.45297626,1877.0,5133.0,0.9825441198730469,True,REGULAR,USD,2027-01-15
IBIT270115C00031000,2024-11-21 20:48:20+00:00,31.0,37.5,37.2,37.8,0.9000015,2.4590206,1.0,246.0,0.984497225341797,True,REGULAR,USD,2027-01-15
IBIT270115C00032000,2024-11-21 15:45:17+00:00,32.0,35.29,35.5,37.6,0.0,0.0,1.0,17.0,0.9523320196533203,True,REGULAR,USD,2027-01-15
IBIT270115C00034000,2024-11-21 16:42:59+00:00,34.0,34.97,0.0,0.0,1.670002,5.0150213,,,1.0000000000000003e-05,True,REGULAR,USD,2027-01-15
IBIT270115C00035000,2024-11-22 20:23:04+00:00,35.0,35.5,34.2,36.2,-1.0,-2.739726,73.0,159.0,0.9403692486572266,True,REGULAR,USD,2027-01-15
IBIT270115C00036000,2024-11-22 16:35:26+00:00,36.0,34.5,33.2,36.2,0.41999817,1.2323889,2.0,7.0,0.9333502758789063,True,REGULAR,USD,2027-01-15
IBIT270115C00038000,2024-11-21 14:44:14+00:00,38.0,33.29,32.9,34.6,0.0,0.0,2.0,10.0,0.9216316430664062,True,REGULAR,USD,2027-01-15
IBIT270115C00039000,2024-11-21 14:50:48+00:00,39.0,32.93,32.5,34.1,0.0,0.0,3.0,9.0,0.9167488793945313,True,REGULAR,USD,2027-01-15
IBIT270115C00040000,2024-11-22 20:45:56+00:00,40.0,33.8,33.3,34.1,0.79999924,2.42424,35.0,272.0,0.9516606396484374,True,REGULAR,USD,2027-01-15
IBIT270115C00041000,2024-11-21 20:28:06+00:00,41.0,32.27,31.5,33.8,0.0,0.0,5.0,24.0,0.9180916394042968,True,REGULAR,USD,2027-01-15
IBIT270115C00042000,2024-11-21 20:47:58+00:00,42.0,31.39,31.0,33.5,0.0,0.0,3.0,12.0,0.9148568084716797,True,REGULAR,USD,2027-01-15
IBIT270115C00043000,2024-11-21 20:48:20+00:00,43.0,31.2,30.5,32.8,0.0,0.0,5.0,20.0,0.9026498992919922,True,REGULAR,USD,2027-01-15
IBIT270115C00044000,2024-11-22 18:08:27+00:00,44.0,31.17,30.4,32.2,0.960001,3.1777592,40.0,58.0,0.901368173828125,True,REGULAR,USD,2027-01-15
IBIT270115C00045000,2024-11-22 20:53:58+00:00,45.0,31.36,29.8,31.7,0.060001373,0.19169769,32.0,105.0,0.8913585083007811,True,REGULAR,USD,2027-01-15
IBIT270115C00046000,2024-11-22 14:56:32+00:00,46.0,30.15,29.5,31.7,-0.15999985,-0.5278781,1.0,6.0,0.8982554119873045,True,REGULAR,USD,2027-01-15
IBIT270115C00047000,2024-11-21 16:33:52+00:00,47.0,30.3,29.3,31.4,0.0,0.0,6.0,14.0,0.9005136901855468,True,REGULAR,USD,2027-01-15
IBIT270115C00048000,2024-11-21 19:43:42+00:00,48.0,30.24,0.0,0.0,1.4400005,5.0000024,,,1.0000000000000003e-05,True,REGULAR,USD,2027-01-15
IBIT270115C00049000,2024-11-21 19:54:00+00:00,49.0,29.7,29.3,30.6,0.0,0.0,3.0,24.0,0.9083261120605468,True,REGULAR,USD,2027-01-15
IBIT270115C00050000,2024-11-22 20:56:32+00:00,50.0,29.4,29.3,29.7,1.1000004,3.8869274,800.0,1078.0,0.9017343811035157,True,REGULAR,USD,2027-01-15
IBIT270115C00051000,2024-11-22 17:38:18+00:00,51.0,29.4,28.5,29.6,0.8999996,3.1578937,9.0,51.0,0.8950205810546874,True,REGULAR,USD,2027-01-15
IBIT270115C00052000,2024-11-22 20:36:20+00:00,52.0,29.0,28.5,29.4,0.6700001,2.3649843,23.0,213.0,0.9021005883789062,True,REGULAR,USD,2027-01-15
IBIT270115C00053000,2024-11-22 19:20:13+00:00,53.0,28.8,28.5,28.8,0.39999962,1.4084494,68.0,272.0,0.9010019665527342,True,REGULAR,USD,2027-01-15
IBIT270115C00054000,2024-11-21 20:01:23+00:00,54.0,27.87,0.0,0.0,1.5700016,5.969588,,,1.0000000000000003e-05,True,REGULAR,USD,2027-01-15
IBIT270115C00055000,2024-11-22 20:58:06+00:00,55.0,27.74,27.4,28.1,-0.059999466,-0.21582541,53.0,810.0,0.8869640209960936,True,REGULAR,USD,2027-01-15
IBIT270115C00056000,2024-11-22 20:59:19+00:00,56.0,27.3,26.8,27.7,-0.10000038,-0.3649649,250.0,384.0,0.8780529772949219,True,REGULAR,USD,2027-01-15
IBIT270115C00057000,2024-11-22 20:34:24+00:00,57.0,27.38,27.1,27.5,0.26999855,0.9959371,51.0,102.0,0.8895885064697264,False,REGULAR,USD,2027-01-15
IBIT270115C00058000,2024-11-22 17:56:43+00:00,58.0,27.0,26.5,27.5,-0.049999237,-0.18484007,20.0,14.0,0.8878185046386717,False,REGULAR,USD,2027-01-15
IBIT270115C00059000,2024-11-20 14:30:02+00:00,59.0,24.9,0.0,0.0,0.0,0.0,,,0.007822421875,False,REGULAR,USD,2027-01-15
IBIT270115C00060000,2024-11-22 20:58:06+00:00,60.0,26.34,26.2,26.6,0.040000916,0.15209474,178.0,377.0,0.8840343627929688,False,REGULAR,USD,2027-01-15
IBIT270115C00062000,2024-11-20 20:40:13+00:00,62.0,23.32,0.0,0.0,0.0,0.0,,,0.015634843750000002,False,REGULAR,USD,2027-01-15
IBIT270115C00063000,2024-11-20 16:02:21+00:00,63.0,24.1,0.0,0.0,0.0,0.0,,,0.015634843750000002,False,REGULAR,USD,2027-01-15
IBIT270115C00064000,2024-11-22 19:22:15+00:00,64.0,25.68,24.2,26.0,2.7800007,12.139741,49.0,7.0,0.8714612463378906,False,REGULAR,USD,2027-01-15
IBIT270115C00065000,2024-11-22 18:28:13+00:00,65.0,24.99,24.2,26.0,0.48999977,1.999999,6.0,88.0,0.8794567718505859,False,REGULAR,USD,2027-01-15
IBIT270115C00067000,2024-11-21 18:16:08+00:00,67.0,24.6,23.8,25.4,0.21000099,0.86101264,2.0,2.0,0.8775647009277343,False,REGULAR,USD,2027-01-15
IBIT270115C00068000,2024-11-21 15:39:22+00:00,68.0,22.7,23.4,25.2,0.0,0.0,4.0,5.0,0.8746960772705077,False,REGULAR,USD,2027-01-15
IBIT270115C00069000,2024-11-21 14:30:10+00:00,69.0,23.0,23.3,24.8,0.0,0.0,1.0,92.0,0.8734753863525391,False,REGULAR,USD,2027-01-15
IBIT270115C00070000,2024-11-21 18:45:54+00:00,70.0,23.4,0.0,0.0,0.8999996,3.9999983,,,0.0312596875,False,REGULAR,USD,2027-01-15
IBIT270115C00075000,2024-11-22 14:53:43+00:00,75.0,22.26,22.7,24.3,-0.90999985,-3.9274917,3.0,198.0,0.8957529956054686,False,REGULAR,USD,2027-01-15
IBIT270115C00080000,2024-11-22 20:47:32+00:00,80.0,22.4,21.6,22.5,0.6000004,2.7522955,60.0,574.0,0.8786633227539062,False,REGULAR,USD,2027-01-15
IBIT270115C00085000,2024-11-22 16:44:42+00:00,85.0,20.6,20.5,21.7,0.6000004,3.000002,3.0,27.0,0.8760998718261719,False,REGULAR,USD,2027-01-15
IBIT270115C00090000,2024-11-22 19:30:16+00:00,90.0,20.6,19.9,21.0,0.8999996,4.568526,63.0,192.0,0.881287808227539,False,REGULAR,USD,2027-01-15
IBIT270115C00095000,2024-11-22 19:55:12+00:00,95.0,20.45,19.3,20.4,1.9000015,10.242597,22.0,70.0,0.8862926409912109,False,REGULAR,USD,2027-01-15
IBIT270115C00100000,2024-11-22 20:58:48+00:00,100.0,18.82,18.7,19.4,0.21999931,1.182792,859.0,3825.0,0.8836071209716796,False,REGULAR,USD,2027-01-15
